{
  "obs": {
    "min": [
      13.45642375946045,
      32.93829345703125,
      57.47176742553711,
      108.27995300292969,
      0.00021559125161729753
    ],
    "max": [
      496.14617919921875,
      510.9578857421875,
      439.9153137207031,
      485.6640930175781,
      6.283087730407715
    ]
  },
  "action": {
    "min": [
      12.0,
      25.0
    ],
    "max": [
      511.0,
      511.0
    ]
  }
}